{
    "loss": 1.8828943967819214,
    "accuracy": 0.9568345546722412
}